{
  "metrics": {
    "r2_train": 0.6274881115165434,
    "r2_test": 0.9404495202096486,
    "r2_cv_mean": 0.6717109461259476,
    "r2_cv_std": 0.33522637605530964,
    "mae": 70.21925240652422,
    "rmse": 97.88437901393783,
    "coefficients": {
      "intercept": 86.08081064446185,
      "round": 68.3070248757648,
      "precision": 19.819518865936512,
      "method_lcg": -81.7081562271458
    }
  },
  "training_data_count": 44,
  "last_trained": "2026-04-19T21:01:58.765931",
  "coefficients": {
    "intercept": 86.08081064446185,
    "round": 68.3070248757648,
    "precision": 19.819518865936512,
    "method_lcg": -81.7081562271458
  }
}