{
  "metrics": {
    "r2_train": 0.5812108744459767,
    "r2_test": 0.37102244517075333,
    "r2_cv_mean": -0.5325322841175419,
    "r2_cv_std": 2.04853237019072,
    "mae": 316.3675247715788,
    "rmse": 732.4844773240503,
    "coefficients": {
      "intercept": 127.8541534963415,
      "round": 73.46960215952339,
      "precision": -159.87433053143104,
      "method_lcg": -19.735667787753094
    }
  },
  "training_data_count": 46,
  "last_trained": "2026-04-23T00:15:03.753853",
  "coefficients": {
    "intercept": 127.8541534963415,
    "round": 73.46960215952339,
    "precision": -159.87433053143104,
    "method_lcg": -19.735667787753094
  }
}